--
-- PostgreSQL database dump
--

\restrict gzCiTcW1bWiSfjhluZh13Qz9UtwfYDqRjQgLbCDm2hbSEJZIOxHhhSe5u0BlXSu

-- Dumped from database version 15.14
-- Dumped by pg_dump version 15.14

-- Started on 2025-11-29 14:14:42

SET statement_timeout = 0;
SET lock_timeout = 0;
SET idle_in_transaction_session_timeout = 0;
SET client_encoding = 'UTF8';
SET standard_conforming_strings = on;
SELECT pg_catalog.set_config('search_path', '', false);
SET check_function_bodies = false;
SET xmloption = content;
SET client_min_messages = warning;
SET row_security = off;

SET default_tablespace = '';

SET default_table_access_method = heap;

--
-- TOC entry 214 (class 1259 OID 50412)
-- Name: kategori_menu; Type: TABLE; Schema: public; Owner: postgres
--

CREATE TABLE public.kategori_menu (
    id_kategori integer NOT NULL,
    nama_kategori character varying(50) NOT NULL
);


ALTER TABLE public.kategori_menu OWNER TO postgres;

--
-- TOC entry 215 (class 1259 OID 50415)
-- Name: kategori_menu_id_kategori_seq; Type: SEQUENCE; Schema: public; Owner: postgres
--

CREATE SEQUENCE public.kategori_menu_id_kategori_seq
    AS integer
    START WITH 1
    INCREMENT BY 1
    NO MINVALUE
    NO MAXVALUE
    CACHE 1;


ALTER TABLE public.kategori_menu_id_kategori_seq OWNER TO postgres;

--
-- TOC entry 3393 (class 0 OID 0)
-- Dependencies: 215
-- Name: kategori_menu_id_kategori_seq; Type: SEQUENCE OWNED BY; Schema: public; Owner: postgres
--

ALTER SEQUENCE public.kategori_menu_id_kategori_seq OWNED BY public.kategori_menu.id_kategori;


--
-- TOC entry 216 (class 1259 OID 50416)
-- Name: member; Type: TABLE; Schema: public; Owner: postgres
--

CREATE TABLE public.member (
    id_member integer NOT NULL,
    nama_member character varying(100) NOT NULL,
    no_telp character varying(20),
    points integer DEFAULT 0,
    tanggal_join timestamp without time zone DEFAULT CURRENT_TIMESTAMP
);


ALTER TABLE public.member OWNER TO postgres;

--
-- TOC entry 217 (class 1259 OID 50421)
-- Name: member_id_member_seq; Type: SEQUENCE; Schema: public; Owner: postgres
--

CREATE SEQUENCE public.member_id_member_seq
    AS integer
    START WITH 1
    INCREMENT BY 1
    NO MINVALUE
    NO MAXVALUE
    CACHE 1;


ALTER TABLE public.member_id_member_seq OWNER TO postgres;

--
-- TOC entry 3394 (class 0 OID 0)
-- Dependencies: 217
-- Name: member_id_member_seq; Type: SEQUENCE OWNED BY; Schema: public; Owner: postgres
--

ALTER SEQUENCE public.member_id_member_seq OWNED BY public.member.id_member;


--
-- TOC entry 218 (class 1259 OID 50422)
-- Name: menu; Type: TABLE; Schema: public; Owner: postgres
--

CREATE TABLE public.menu (
    id_menu integer NOT NULL,
    nama_menu character varying(100) NOT NULL,
    id_kategori integer,
    harga numeric(12,2) NOT NULL,
    status_menu character varying(20) DEFAULT 'Tersedia'::character varying
);


ALTER TABLE public.menu OWNER TO postgres;

--
-- TOC entry 219 (class 1259 OID 50428)
-- Name: menu_id_menu_seq; Type: SEQUENCE; Schema: public; Owner: postgres
--

CREATE SEQUENCE public.menu_id_menu_seq
    AS integer
    START WITH 1
    INCREMENT BY 1
    NO MINVALUE
    NO MAXVALUE
    CACHE 1;


ALTER TABLE public.menu_id_menu_seq OWNER TO postgres;

--
-- TOC entry 3395 (class 0 OID 0)
-- Dependencies: 219
-- Name: menu_id_menu_seq; Type: SEQUENCE OWNED BY; Schema: public; Owner: postgres
--

ALTER SEQUENCE public.menu_id_menu_seq OWNED BY public.menu.id_menu;


--
-- TOC entry 220 (class 1259 OID 50429)
-- Name: pesanan; Type: TABLE; Schema: public; Owner: postgres
--

CREATE TABLE public.pesanan (
    id_pesanan integer NOT NULL,
    no_meja character varying(10),
    nama_pelanggan character varying(100),
    waktu_pesan timestamp without time zone DEFAULT CURRENT_TIMESTAMP
);


ALTER TABLE public.pesanan OWNER TO postgres;

--
-- TOC entry 221 (class 1259 OID 50433)
-- Name: pesanan_detail; Type: TABLE; Schema: public; Owner: postgres
--

CREATE TABLE public.pesanan_detail (
    id_detail integer NOT NULL,
    id_pesanan integer NOT NULL,
    id_menu integer NOT NULL,
    qty integer NOT NULL,
    harga numeric(12,2) NOT NULL,
    subtotal numeric(12,2) GENERATED ALWAYS AS (((qty)::numeric * harga)) STORED
);


ALTER TABLE public.pesanan_detail OWNER TO postgres;

--
-- TOC entry 222 (class 1259 OID 50437)
-- Name: pesanan_detail_id_detail_seq; Type: SEQUENCE; Schema: public; Owner: postgres
--

CREATE SEQUENCE public.pesanan_detail_id_detail_seq
    AS integer
    START WITH 1
    INCREMENT BY 1
    NO MINVALUE
    NO MAXVALUE
    CACHE 1;


ALTER TABLE public.pesanan_detail_id_detail_seq OWNER TO postgres;

--
-- TOC entry 3396 (class 0 OID 0)
-- Dependencies: 222
-- Name: pesanan_detail_id_detail_seq; Type: SEQUENCE OWNED BY; Schema: public; Owner: postgres
--

ALTER SEQUENCE public.pesanan_detail_id_detail_seq OWNED BY public.pesanan_detail.id_detail;


--
-- TOC entry 223 (class 1259 OID 50438)
-- Name: pesanan_id_pesanan_seq; Type: SEQUENCE; Schema: public; Owner: postgres
--

CREATE SEQUENCE public.pesanan_id_pesanan_seq
    AS integer
    START WITH 1
    INCREMENT BY 1
    NO MINVALUE
    NO MAXVALUE
    CACHE 1;


ALTER TABLE public.pesanan_id_pesanan_seq OWNER TO postgres;

--
-- TOC entry 3397 (class 0 OID 0)
-- Dependencies: 223
-- Name: pesanan_id_pesanan_seq; Type: SEQUENCE OWNED BY; Schema: public; Owner: postgres
--

ALTER SEQUENCE public.pesanan_id_pesanan_seq OWNED BY public.pesanan.id_pesanan;


--
-- TOC entry 224 (class 1259 OID 50439)
-- Name: transaksi; Type: TABLE; Schema: public; Owner: postgres
--

CREATE TABLE public.transaksi (
    id_transaksi integer NOT NULL,
    id_pesanan integer NOT NULL,
    id_member integer,
    waktu_transaksi timestamp without time zone DEFAULT CURRENT_TIMESTAMP,
    total_belanja numeric(12,2) NOT NULL,
    diskon numeric(12,2) DEFAULT 0,
    pajak numeric(12,2) DEFAULT 0,
    total_akhir numeric(12,2) NOT NULL,
    metode_pembayaran character varying(20) NOT NULL,
    nominal_bayar numeric(12,2),
    kembalian numeric(12,2)
);


ALTER TABLE public.transaksi OWNER TO postgres;

--
-- TOC entry 225 (class 1259 OID 50445)
-- Name: transaksi_id_transaksi_seq; Type: SEQUENCE; Schema: public; Owner: postgres
--

CREATE SEQUENCE public.transaksi_id_transaksi_seq
    AS integer
    START WITH 1
    INCREMENT BY 1
    NO MINVALUE
    NO MAXVALUE
    CACHE 1;


ALTER TABLE public.transaksi_id_transaksi_seq OWNER TO postgres;

--
-- TOC entry 3398 (class 0 OID 0)
-- Dependencies: 225
-- Name: transaksi_id_transaksi_seq; Type: SEQUENCE OWNED BY; Schema: public; Owner: postgres
--

ALTER SEQUENCE public.transaksi_id_transaksi_seq OWNED BY public.transaksi.id_transaksi;


--
-- TOC entry 226 (class 1259 OID 50504)
-- Name: v_laporan; Type: VIEW; Schema: public; Owner: postgres
--

CREATE VIEW public.v_laporan AS
 SELECT t.id_transaksi,
    (t.waktu_transaksi)::date AS tanggal,
    m.nama_menu,
    d.qty,
    d.subtotal,
    t.metode_pembayaran
   FROM (((public.transaksi t
     JOIN public.pesanan p ON ((t.id_pesanan = p.id_pesanan)))
     JOIN public.pesanan_detail d ON ((d.id_pesanan = p.id_pesanan)))
     JOIN public.menu m ON ((d.id_menu = m.id_menu)));


ALTER TABLE public.v_laporan OWNER TO postgres;

--
-- TOC entry 3202 (class 2604 OID 50451)
-- Name: kategori_menu id_kategori; Type: DEFAULT; Schema: public; Owner: postgres
--

ALTER TABLE ONLY public.kategori_menu ALTER COLUMN id_kategori SET DEFAULT nextval('public.kategori_menu_id_kategori_seq'::regclass);


--
-- TOC entry 3203 (class 2604 OID 50452)
-- Name: member id_member; Type: DEFAULT; Schema: public; Owner: postgres
--

ALTER TABLE ONLY public.member ALTER COLUMN id_member SET DEFAULT nextval('public.member_id_member_seq'::regclass);


--
-- TOC entry 3206 (class 2604 OID 50453)
-- Name: menu id_menu; Type: DEFAULT; Schema: public; Owner: postgres
--

ALTER TABLE ONLY public.menu ALTER COLUMN id_menu SET DEFAULT nextval('public.menu_id_menu_seq'::regclass);


--
-- TOC entry 3208 (class 2604 OID 50454)
-- Name: pesanan id_pesanan; Type: DEFAULT; Schema: public; Owner: postgres
--

ALTER TABLE ONLY public.pesanan ALTER COLUMN id_pesanan SET DEFAULT nextval('public.pesanan_id_pesanan_seq'::regclass);


--
-- TOC entry 3210 (class 2604 OID 50455)
-- Name: pesanan_detail id_detail; Type: DEFAULT; Schema: public; Owner: postgres
--

ALTER TABLE ONLY public.pesanan_detail ALTER COLUMN id_detail SET DEFAULT nextval('public.pesanan_detail_id_detail_seq'::regclass);


--
-- TOC entry 3212 (class 2604 OID 50456)
-- Name: transaksi id_transaksi; Type: DEFAULT; Schema: public; Owner: postgres
--

ALTER TABLE ONLY public.transaksi ALTER COLUMN id_transaksi SET DEFAULT nextval('public.transaksi_id_transaksi_seq'::regclass);


--
-- TOC entry 3376 (class 0 OID 50412)
-- Dependencies: 214
-- Data for Name: kategori_menu; Type: TABLE DATA; Schema: public; Owner: postgres
--

COPY public.kategori_menu (id_kategori, nama_kategori) FROM stdin;
1	Makanan
2	Minuman
3	Cemilan
\.


--
-- TOC entry 3378 (class 0 OID 50416)
-- Dependencies: 216
-- Data for Name: member; Type: TABLE DATA; Schema: public; Owner: postgres
--

COPY public.member (id_member, nama_member, no_telp, points, tanggal_join) FROM stdin;
1	Andi Pratama	081234567890	20	2025-11-29 13:07:40.427036
2	Budi Santoso	081298765432	40	2025-11-29 13:07:40.427036
3	Siti Aminah	082112223333	10	2025-11-29 13:07:40.427036
\.


--
-- TOC entry 3380 (class 0 OID 50422)
-- Dependencies: 218
-- Data for Name: menu; Type: TABLE DATA; Schema: public; Owner: postgres
--

COPY public.menu (id_menu, nama_menu, id_kategori, harga, status_menu) FROM stdin;
1	Nasi Goreng Spesial	1	25000.00	Tersedia
2	Ayam Geprek	1	22000.00	Tersedia
3	Es Teh Manis	2	8000.00	Tersedia
4	Kopi Hitam	2	12000.00	Tersedia
5	Kentang Goreng	3	15000.00	Tersedia
\.


--
-- TOC entry 3382 (class 0 OID 50429)
-- Dependencies: 220
-- Data for Name: pesanan; Type: TABLE DATA; Schema: public; Owner: postgres
--

COPY public.pesanan (id_pesanan, no_meja, nama_pelanggan, waktu_pesan) FROM stdin;
1	01	Andi Pratama	2025-11-27 13:07:47.32278
2	05	Budi Santoso	2025-11-28 13:07:47.32278
3	03	Pengunjung Umum	2025-11-29 13:07:47.32278
4	6	Pelanggan 129	2025-11-28 15:01:51.996103
5	4	Pelanggan 67	2025-11-28 19:56:34.6184
6	9	Pelanggan 837	2025-11-28 19:08:43.031465
7	5	Pelanggan 462	2025-11-28 20:32:21.190363
8	8	Pelanggan 897	2025-11-27 20:12:02.394074
9	7	Pelanggan 674	2025-11-27 22:42:40.184613
10	7	Pelanggan 238	2025-11-27 14:38:52.916235
11	7	Pelanggan 794	2025-11-27 17:31:19.348269
12	5	Pelanggan 818	2025-11-27 22:50:48.634119
13	9	Pelanggan 558	2025-11-27 16:16:18.883431
14	6	Pelanggan 158	2025-11-27 19:09:11.896722
15	5	Pelanggan 539	2025-11-26 14:17:32.354939
16	10	Pelanggan 703	2025-11-26 22:17:24.633817
17	4	Pelanggan 2	2025-11-26 15:42:27.743498
18	8	Pelanggan 661	2025-11-26 14:36:45.449654
19	7	Pelanggan 685	2025-11-26 15:44:34.136722
20	7	Pelanggan 760	2025-11-25 15:16:12.313724
21	4	Pelanggan 759	2025-11-25 22:29:37.407151
22	1	Pelanggan 485	2025-11-25 15:14:43.226095
23	3	Pelanggan 186	2025-11-25 15:36:10.967405
24	4	Pelanggan 988	2025-11-25 22:26:59.477778
25	9	Pelanggan 511	2025-11-25 17:56:28.484888
26	1	Pelanggan 510	2025-11-24 22:47:01.757382
27	4	Pelanggan 736	2025-11-24 15:30:17.628333
28	11	Pelanggan 549	2025-11-24 15:33:55.445914
29	7	Pelanggan 747	2025-11-24 15:35:20.666465
30	6	Pelanggan 397	2025-11-23 14:37:12.858833
31	2	Pelanggan 275	2025-11-23 18:49:49.884763
32	4	Pelanggan 959	2025-11-23 17:00:56.566426
33	5	Pelanggan 904	2025-11-23 18:04:40.083636
34	7	Pelanggan 721	2025-11-23 16:26:57.00032
35	11	Pelanggan 162	2025-11-22 19:02:42.469416
36	8	Pelanggan 622	2025-11-22 18:03:57.966579
37	11	Pelanggan 548	2025-11-22 20:32:28.398685
38	3	Pelanggan 135	2025-11-22 22:40:42.494294
39	9	Pelanggan 250	2025-11-22 18:18:46.344159
40	5	Pelanggan 282	2025-11-22 23:15:45.735228
41	6	Pelanggan 690	2025-11-22 14:24:39.022315
42	8	Pelanggan 11	2025-11-21 16:12:04.729704
43	10	Pelanggan 3	2025-11-21 18:21:48.104368
44	1	Pelanggan 529	2025-11-21 18:03:38.639105
45	8	Pelanggan 444	2025-11-21 19:11:47.694449
46	3	Pelanggan 65	2025-11-21 14:36:25.791018
47	5	Pelanggan 421	2025-11-21 22:02:51.773542
48	7	Pelanggan 975	2025-11-20 13:49:24.414894
49	10	Pelanggan 683	2025-11-20 18:37:00.872336
50	4	Pelanggan 701	2025-11-20 22:13:00.579001
51	2	Pelanggan 952	2025-11-20 14:37:08.647013
52	4	Pelanggan 853	2025-11-20 16:09:56.301013
53	9	Pelanggan 64	2025-11-20 22:39:27.668946
54	10	Pelanggan 225	2025-11-20 15:38:25.405464
55	1	Pelanggan 696	2025-11-19 13:39:39.67178
56	5	Pelanggan 397	2025-11-19 16:06:28.824023
57	1	Pelanggan 741	2025-11-19 19:52:47.716152
58	10	Pelanggan 264	2025-11-19 17:26:55.20129
59	5	Pelanggan 713	2025-11-19 18:35:47.399024
60	9	Pelanggan 339	2025-11-19 21:02:36.245518
61	10	Pelanggan 155	2025-11-19 18:19:11.17607
62	3	Pelanggan 455	2025-11-18 16:04:50.840247
63	9	Pelanggan 21	2025-11-18 16:20:43.51011
64	3	Pelanggan 429	2025-11-18 16:25:56.934864
65	3	Pelanggan 427	2025-11-18 21:59:34.521337
66	10	Pelanggan 773	2025-11-18 16:57:48.103631
67	7	Pelanggan 985	2025-11-18 20:37:07.078691
68	8	Pelanggan 103	2025-11-17 18:49:05.653228
69	2	Pelanggan 750	2025-11-17 19:14:24.36573
70	4	Pelanggan 723	2025-11-17 13:38:42.317292
71	5	Pelanggan 360	2025-11-17 15:16:42.047583
72	2	Pelanggan 516	2025-11-16 17:04:13.802451
73	7	Pelanggan 129	2025-11-16 21:19:27.485895
74	5	Pelanggan 860	2025-11-16 18:52:30.285965
75	8	Pelanggan 401	2025-11-16 17:33:40.994805
76	10	Pelanggan 362	2025-11-15 17:48:04.409545
77	9	Pelanggan 226	2025-11-15 15:29:02.722197
78	1	Pelanggan 736	2025-11-15 14:38:58.378779
79	2	Pelanggan 923	2025-11-15 19:37:54.479919
80	9	Pelanggan 277	2025-11-14 18:13:26.989725
81	8	Pelanggan 889	2025-11-14 15:58:46.468029
82	9	Pelanggan 250	2025-11-14 20:34:33.007254
83	1	Pelanggan 519	2025-11-14 13:24:46.480263
84	9	Pelanggan 65	2025-11-13 17:45:29.393383
85	11	Pelanggan 882	2025-11-13 18:33:00.895278
86	2	Pelanggan 926	2025-11-13 22:17:17.148682
87	7	Pelanggan 541	2025-11-12 23:12:37.277445
88	9	Pelanggan 140	2025-11-12 16:02:12.426664
89	5	Pelanggan 475	2025-11-12 19:52:50.299919
90	1	Pelanggan 271	2025-11-11 20:42:52.671217
91	7	Pelanggan 554	2025-11-11 15:18:57.001729
92	6	Pelanggan 738	2025-11-11 22:15:14.674375
93	4	Pelanggan 917	2025-11-11 19:11:24.58433
94	6	Pelanggan 197	2025-11-11 16:44:34.40706
95	8	Pelanggan 396	2025-11-11 19:16:33.589871
96	11	Pelanggan 442	2025-11-11 22:06:18.941671
97	8	Pelanggan 907	2025-11-10 19:08:57.352385
98	3	Pelanggan 179	2025-11-10 19:05:32.340166
99	3	Pelanggan 161	2025-11-10 22:58:19.587229
100	4	Pelanggan 253	2025-11-10 13:32:38.032236
101	4	Pelanggan 217	2025-11-10 19:21:15.687706
102	6	Pelanggan 483	2025-11-09 16:58:59.375535
103	9	Pelanggan 926	2025-11-09 16:08:15.533765
104	2	Pelanggan 1000	2025-11-09 13:21:45.150363
105	10	Pelanggan 404	2025-11-09 13:57:46.608324
106	4	Pelanggan 174	2025-11-09 20:48:50.158173
107	6	Pelanggan 379	2025-11-09 20:26:54.449514
108	4	Pelanggan 698	2025-11-09 19:07:33.064713
109	1	Pelanggan 936	2025-11-08 16:26:14.366988
110	3	Pelanggan 896	2025-11-08 21:26:32.964838
111	10	Pelanggan 651	2025-11-08 21:33:19.324819
112	10	Pelanggan 747	2025-11-08 21:28:27.450036
113	8	Pelanggan 165	2025-11-08 15:30:08.431067
114	9	Pelanggan 735	2025-11-08 15:37:06.345724
115	3	Pelanggan 402	2025-11-07 15:09:10.672078
116	6	Pelanggan 760	2025-11-07 14:03:41.513257
117	8	Pelanggan 239	2025-11-07 16:19:58.714838
118	7	Pelanggan 457	2025-11-07 13:36:34.803388
119	7	Pelanggan 418	2025-11-07 13:34:32.314722
120	4	Pelanggan 64	2025-11-06 20:13:15.771552
121	2	Pelanggan 375	2025-11-06 20:54:19.950045
122	6	Pelanggan 687	2025-11-06 16:22:15.451051
123	8	Pelanggan 610	2025-11-06 19:52:39.894539
124	2	Pelanggan 213	2025-11-06 21:51:30.091589
125	4	Pelanggan 113	2025-11-06 17:08:56.595791
126	10	Pelanggan 452	2025-11-05 20:35:30.643094
127	4	Pelanggan 152	2025-11-05 16:20:53.444257
128	8	Pelanggan 825	2025-11-05 16:06:56.423284
129	9	Pelanggan 68	2025-11-05 23:06:15.605851
130	5	Pelanggan 277	2025-11-04 22:33:46.065201
131	8	Pelanggan 236	2025-11-04 17:35:33.01852
132	2	Pelanggan 475	2025-11-04 19:13:44.410466
133	5	Pelanggan 389	2025-11-04 16:13:17.539273
134	2	Pelanggan 674	2025-11-04 17:01:31.696324
135	10	Pelanggan 293	2025-11-04 15:36:54.834942
136	7	Pelanggan 118	2025-11-04 16:38:44.977647
137	10	Pelanggan 381	2025-11-03 18:54:40.575352
138	7	Pelanggan 18	2025-11-03 18:21:08.960384
139	8	Pelanggan 94	2025-11-03 13:32:47.063262
140	7	Pelanggan 457	2025-11-03 21:57:00.584345
141	11	Pelanggan 113	2025-11-02 15:13:08.306513
142	7	Pelanggan 535	2025-11-02 19:28:20.755295
143	6	Pelanggan 864	2025-11-02 15:39:58.108386
144	2	Pelanggan 530	2025-11-02 17:13:18.410271
145	7	Pelanggan 52	2025-11-02 16:29:45.273142
146	6	Pelanggan 339	2025-11-02 22:14:25.468896
147	4	Pelanggan 578	2025-11-01 16:48:58.240057
148	7	Pelanggan 329	2025-11-01 20:59:45.005664
149	5	Pelanggan 651	2025-11-01 21:10:52.380862
150	7	Pelanggan 971	2025-11-01 13:54:20.39712
151	6	Pelanggan 613	2025-11-01 17:20:42.894989
152	3	Pelanggan 43	2025-10-31 17:24:58.2247
153	8	Pelanggan 433	2025-10-31 22:10:00.714996
154	4	Pelanggan 81	2025-10-31 15:08:38.991308
155	4	Pelanggan 12	2025-10-31 19:35:15.25475
156	5	Pelanggan 656	2025-10-31 19:29:00.165134
157	6	Pelanggan 455	2025-10-31 17:31:03.950132
158	2	Pelanggan 521	2025-10-30 18:55:50.318761
159	7	Pelanggan 976	2025-10-30 16:09:52.809823
160	4	Pelanggan 839	2025-10-30 14:42:22.083704
161	6	Pelanggan 228	2025-10-30 20:01:04.041155
162	10	Pelanggan 689	2025-11-28 21:40:44.855384
163	4	Pelanggan 876	2025-11-28 15:21:43.994319
164	2	Pelanggan 464	2025-11-28 22:01:52.446572
165	9	Pelanggan 744	2025-11-28 18:27:13.678864
166	3	Pelanggan 768	2025-11-28 23:02:17.825926
167	11	Pelanggan 846	2025-11-28 13:35:23.369478
168	5	Pelanggan 779	2025-11-27 22:42:17.697295
169	6	Pelanggan 126	2025-11-27 22:41:19.469173
170	11	Pelanggan 364	2025-11-27 21:13:37.688935
171	7	Pelanggan 851	2025-11-27 21:27:08.601545
172	4	Pelanggan 258	2025-11-26 13:57:14.264478
173	9	Pelanggan 618	2025-11-26 16:37:44.76304
174	4	Pelanggan 947	2025-11-26 21:24:26.241811
175	1	Pelanggan 206	2025-11-26 16:17:51.516788
176	3	Pelanggan 467	2025-11-26 22:45:47.511243
177	8	Pelanggan 103	2025-11-25 13:38:51.674467
178	5	Pelanggan 132	2025-11-25 15:22:53.170426
179	3	Pelanggan 897	2025-11-25 20:16:16.799495
180	2	Pelanggan 123	2025-11-25 15:03:48.105776
181	8	Pelanggan 727	2025-11-25 15:41:07.336201
182	6	Pelanggan 123	2025-11-25 20:49:41.770245
183	8	Pelanggan 161	2025-11-25 17:51:00.125143
184	3	Pelanggan 875	2025-11-24 16:46:44.07909
185	8	Pelanggan 167	2025-11-24 17:56:08.224543
186	2	Pelanggan 980	2025-11-24 13:37:51.866531
187	6	Pelanggan 388	2025-11-24 13:42:51.059135
188	1	Pelanggan 227	2025-11-24 22:44:29.045947
189	6	Pelanggan 837	2025-11-23 21:34:30.839594
190	7	Pelanggan 142	2025-11-23 14:42:28.506178
191	4	Pelanggan 474	2025-11-23 22:03:28.966242
192	4	Pelanggan 658	2025-11-23 17:13:31.362616
193	1	Pelanggan 765	2025-11-22 18:44:29.306398
194	9	Pelanggan 529	2025-11-22 22:51:29.513017
195	5	Pelanggan 882	2025-11-22 13:52:57.219131
196	8	Pelanggan 806	2025-11-22 22:29:05.723702
197	3	Pelanggan 768	2025-11-22 13:42:25.418536
198	3	Pelanggan 7	2025-11-22 19:00:21.192034
199	7	Pelanggan 632	2025-11-22 21:27:53.19305
200	5	Pelanggan 734	2025-11-21 22:18:47.077447
201	10	Pelanggan 727	2025-11-21 23:06:42.562049
202	1	Pelanggan 298	2025-11-21 21:40:47.393002
203	10	Pelanggan 392	2025-11-21 21:42:41.730967
204	10	Pelanggan 343	2025-11-20 19:07:40.593779
205	8	Pelanggan 762	2025-11-20 21:59:44.799222
206	5	Pelanggan 879	2025-11-20 22:44:27.742419
207	6	Pelanggan 373	2025-11-20 20:24:06.694891
208	3	Pelanggan 890	2025-11-20 19:50:59.628406
209	10	Pelanggan 914	2025-11-19 14:59:31.214365
210	7	Pelanggan 845	2025-11-19 21:11:41.118161
211	4	Pelanggan 343	2025-11-19 15:00:01.974986
212	2	Pelanggan 218	2025-11-18 19:42:16.282871
213	10	Pelanggan 274	2025-11-18 13:58:32.822046
214	6	Pelanggan 97	2025-11-18 16:56:16.529741
215	5	Pelanggan 404	2025-11-18 19:32:38.859159
216	4	Pelanggan 788	2025-11-17 17:53:53.070403
217	5	Pelanggan 464	2025-11-17 16:04:45.416692
218	7	Pelanggan 781	2025-11-17 13:45:38.799797
219	2	Pelanggan 712	2025-11-17 13:26:49.652014
220	2	Pelanggan 910	2025-11-16 15:41:21.15968
221	8	Pelanggan 440	2025-11-16 16:17:31.110041
222	7	Pelanggan 182	2025-11-16 18:49:44.727285
223	8	Pelanggan 742	2025-11-16 23:07:42.347513
224	5	Pelanggan 307	2025-11-16 23:15:49.710443
225	10	Pelanggan 429	2025-11-15 21:21:05.938106
226	3	Pelanggan 606	2025-11-15 17:00:20.275526
227	5	Pelanggan 101	2025-11-15 18:05:58.467207
228	5	Pelanggan 461	2025-11-15 16:50:46.349141
229	3	Pelanggan 78	2025-11-15 21:43:05.054772
230	3	Pelanggan 347	2025-11-15 16:29:06.855484
231	3	Pelanggan 479	2025-11-14 15:30:59.412707
232	9	Pelanggan 95	2025-11-14 20:52:31.262196
233	6	Pelanggan 303	2025-11-14 19:54:39.068826
234	10	Pelanggan 167	2025-11-14 13:48:28.504626
235	10	Pelanggan 115	2025-11-14 17:21:15.365233
236	9	Pelanggan 20	2025-11-13 19:03:13.458172
237	8	Pelanggan 432	2025-11-13 15:44:45.570664
238	5	Pelanggan 971	2025-11-13 18:34:59.693856
239	4	Pelanggan 247	2025-11-13 15:31:38.105132
240	8	Pelanggan 975	2025-11-13 21:00:16.019851
241	6	Pelanggan 780	2025-11-13 17:26:04.746156
242	8	Pelanggan 695	2025-11-12 18:22:07.089609
243	1	Pelanggan 428	2025-11-12 13:24:56.527635
244	11	Pelanggan 331	2025-11-12 15:27:54.301266
245	11	Pelanggan 605	2025-11-12 22:28:38.646741
246	9	Pelanggan 797	2025-11-12 15:53:37.644047
247	4	Pelanggan 948	2025-11-12 14:01:59.461025
248	3	Pelanggan 213	2025-11-11 17:46:09.169265
249	8	Pelanggan 213	2025-11-11 17:31:45.613277
250	5	Pelanggan 47	2025-11-11 15:18:01.606871
251	5	Pelanggan 42	2025-11-10 16:49:32.885698
252	2	Pelanggan 771	2025-11-10 13:37:51.357439
253	10	Pelanggan 681	2025-11-10 18:30:14.335194
254	8	Pelanggan 961	2025-11-09 22:58:53.278711
255	5	Pelanggan 237	2025-11-09 20:13:29.740375
256	6	Pelanggan 159	2025-11-09 22:26:32.065981
257	11	Pelanggan 704	2025-11-09 20:36:09.889
258	11	Pelanggan 544	2025-11-09 22:53:55.840943
259	11	Pelanggan 676	2025-11-09 19:42:54.827453
260	6	Pelanggan 243	2025-11-08 14:18:57.241473
261	8	Pelanggan 474	2025-11-08 17:47:49.207759
262	3	Pelanggan 314	2025-11-08 20:37:26.364637
263	2	Pelanggan 526	2025-11-08 22:40:43.924055
264	4	Pelanggan 476	2025-11-08 22:28:23.020997
265	7	Pelanggan 872	2025-11-08 20:13:27.910447
266	2	Pelanggan 796	2025-11-08 16:57:21.765765
267	2	Pelanggan 917	2025-11-07 17:46:08.399016
268	8	Pelanggan 285	2025-11-07 14:42:30.98563
269	5	Pelanggan 315	2025-11-07 18:27:13.841922
270	10	Pelanggan 207	2025-11-07 13:58:33.726015
271	3	Pelanggan 143	2025-11-07 19:33:59.911441
272	9	Pelanggan 22	2025-11-07 15:43:43.388036
273	5	Pelanggan 622	2025-11-06 22:46:36.200035
274	7	Pelanggan 995	2025-11-06 21:03:51.174136
275	11	Pelanggan 986	2025-11-06 16:14:04.714179
276	3	Pelanggan 748	2025-11-06 18:53:25.489254
277	5	Pelanggan 745	2025-11-06 15:24:32.132068
278	1	Pelanggan 314	2025-11-06 14:46:20.823353
279	5	Pelanggan 29	2025-11-05 13:49:58.179995
280	6	Pelanggan 46	2025-11-05 20:51:55.120168
281	11	Pelanggan 934	2025-11-05 17:38:02.091564
282	6	Pelanggan 401	2025-11-05 18:46:32.67301
283	4	Pelanggan 658	2025-11-05 18:46:51.613435
284	2	Pelanggan 968	2025-11-05 16:13:00.403489
285	7	Pelanggan 302	2025-11-05 22:50:13.063088
286	8	Pelanggan 787	2025-11-04 22:04:43.872646
287	2	Pelanggan 415	2025-11-04 21:54:06.743485
288	10	Pelanggan 452	2025-11-04 22:33:55.474772
289	5	Pelanggan 684	2025-11-04 13:44:44.809773
290	5	Pelanggan 998	2025-11-04 17:52:56.013723
291	5	Pelanggan 480	2025-11-04 14:34:18.108169
292	9	Pelanggan 775	2025-11-04 18:23:16.082783
293	7	Pelanggan 746	2025-11-03 15:14:36.178294
294	8	Pelanggan 681	2025-11-03 16:26:48.679236
295	5	Pelanggan 790	2025-11-03 20:33:22.900958
296	7	Pelanggan 557	2025-11-03 22:08:02.81933
297	4	Pelanggan 497	2025-11-03 13:30:23.868485
298	9	Pelanggan 676	2025-11-02 18:57:52.378472
299	4	Pelanggan 349	2025-11-02 14:58:13.718682
300	6	Pelanggan 999	2025-11-02 15:31:38.338927
301	8	Pelanggan 416	2025-11-01 13:29:35.13058
302	5	Pelanggan 493	2025-11-01 22:28:32.41857
303	4	Pelanggan 524	2025-11-01 23:05:44.410548
304	5	Pelanggan 821	2025-11-01 14:38:20.572273
305	6	Pelanggan 162	2025-11-01 19:54:57.949415
306	6	Pelanggan 583	2025-11-01 13:57:30.330384
307	8	Pelanggan 890	2025-10-31 21:32:03.62914
308	5	Pelanggan 470	2025-10-31 20:51:40.178285
309	8	Pelanggan 887	2025-10-31 20:24:36.571002
310	7	Pelanggan 960	2025-10-30 20:22:50.975721
311	5	Pelanggan 769	2025-10-30 15:24:05.803375
312	7	Pelanggan 500	2025-10-30 19:31:00.149285
313	8	Pelanggan 19	2025-10-30 20:31:47.29668
314	8	Pelanggan 239	2025-10-30 13:54:34.228651
\.


--
-- TOC entry 3383 (class 0 OID 50433)
-- Dependencies: 221
-- Data for Name: pesanan_detail; Type: TABLE DATA; Schema: public; Owner: postgres
--

COPY public.pesanan_detail (id_detail, id_pesanan, id_menu, qty, harga) FROM stdin;
1	4	2	4	22000.00
2	4	1	2	25000.00
3	4	2	3	22000.00
4	5	2	2	22000.00
5	5	1	4	25000.00
6	5	5	1	15000.00
7	6	3	1	8000.00
8	6	4	3	12000.00
9	6	4	4	12000.00
10	7	2	3	22000.00
11	7	4	4	12000.00
12	8	4	3	12000.00
13	8	3	2	8000.00
14	8	5	2	15000.00
15	9	5	1	15000.00
16	9	2	4	22000.00
17	9	2	3	22000.00
18	9	3	3	8000.00
19	10	1	3	25000.00
20	10	2	2	22000.00
21	10	1	2	25000.00
22	10	4	2	12000.00
23	11	5	3	15000.00
24	11	4	2	12000.00
25	12	4	4	12000.00
26	12	4	2	12000.00
27	13	1	3	25000.00
28	13	1	1	25000.00
29	13	4	3	12000.00
30	13	4	4	12000.00
31	14	1	4	25000.00
32	14	3	2	8000.00
33	14	5	2	15000.00
34	15	1	4	25000.00
35	15	4	2	12000.00
36	16	5	3	15000.00
37	16	5	4	15000.00
38	16	2	2	22000.00
39	17	4	1	12000.00
40	17	2	2	22000.00
41	18	1	3	25000.00
42	18	3	3	8000.00
43	18	1	1	25000.00
44	18	4	1	12000.00
45	19	1	1	25000.00
46	19	2	3	22000.00
47	20	5	3	15000.00
48	20	1	1	25000.00
49	20	5	2	15000.00
50	21	2	4	22000.00
51	21	2	2	22000.00
52	21	2	4	22000.00
53	22	2	4	22000.00
54	22	4	2	12000.00
55	22	5	3	15000.00
56	23	4	2	12000.00
57	24	1	3	25000.00
58	24	3	4	8000.00
59	25	2	2	22000.00
60	25	2	1	22000.00
61	25	4	3	12000.00
62	26	2	2	22000.00
63	27	1	2	25000.00
64	27	1	2	25000.00
65	27	4	1	12000.00
66	28	1	2	25000.00
67	28	4	3	12000.00
68	28	2	3	22000.00
69	29	5	3	15000.00
70	30	1	4	25000.00
71	30	2	3	22000.00
72	31	1	1	25000.00
73	31	5	4	15000.00
74	32	5	2	15000.00
75	32	4	1	12000.00
76	32	4	2	12000.00
77	33	1	2	25000.00
78	33	3	1	8000.00
79	33	3	3	8000.00
80	34	4	4	12000.00
81	34	3	4	8000.00
82	34	1	1	25000.00
83	35	2	2	22000.00
84	35	3	2	8000.00
85	35	4	2	12000.00
86	36	2	2	22000.00
87	36	5	3	15000.00
88	37	5	3	15000.00
89	38	3	4	8000.00
90	38	4	1	12000.00
91	38	4	1	12000.00
92	39	3	2	8000.00
93	39	2	2	22000.00
94	40	5	2	15000.00
95	40	5	3	15000.00
96	40	2	3	22000.00
97	40	2	3	22000.00
98	41	4	1	12000.00
99	41	2	1	22000.00
100	42	2	1	22000.00
101	43	5	4	15000.00
102	43	5	2	15000.00
103	44	3	3	8000.00
104	45	2	2	22000.00
105	46	1	4	25000.00
106	46	1	1	25000.00
107	46	1	3	25000.00
108	46	5	1	15000.00
109	47	1	4	25000.00
110	47	5	2	15000.00
111	48	4	2	12000.00
112	48	5	2	15000.00
113	48	5	1	15000.00
114	49	3	2	8000.00
115	49	5	3	15000.00
116	49	1	4	25000.00
117	50	4	2	12000.00
118	50	1	4	25000.00
119	50	3	2	8000.00
120	51	5	2	15000.00
121	51	1	4	25000.00
122	51	4	3	12000.00
123	52	3	2	8000.00
124	52	5	3	15000.00
125	52	5	1	15000.00
126	53	5	3	15000.00
127	53	5	4	15000.00
128	54	2	4	22000.00
129	54	2	2	22000.00
130	54	5	2	15000.00
131	54	1	2	25000.00
132	55	4	2	12000.00
133	55	3	2	8000.00
134	55	3	1	8000.00
135	55	3	1	8000.00
136	56	3	4	8000.00
137	56	2	2	22000.00
138	56	2	4	22000.00
139	56	3	3	8000.00
140	57	5	3	15000.00
141	57	3	1	8000.00
142	58	2	3	22000.00
143	59	2	4	22000.00
144	59	5	2	15000.00
145	60	4	3	12000.00
146	60	4	2	12000.00
147	60	4	1	12000.00
148	61	4	1	12000.00
149	61	3	1	8000.00
150	61	5	3	15000.00
151	61	4	2	12000.00
152	62	5	2	15000.00
153	62	3	2	8000.00
154	62	2	3	22000.00
155	62	5	2	15000.00
156	63	5	2	15000.00
157	63	1	2	25000.00
158	64	5	1	15000.00
159	64	1	1	25000.00
160	64	1	4	25000.00
161	65	1	4	25000.00
162	65	2	3	22000.00
163	65	4	1	12000.00
164	66	3	3	8000.00
165	66	3	3	8000.00
166	66	4	2	12000.00
167	66	2	3	22000.00
168	67	4	1	12000.00
169	67	2	3	22000.00
170	68	5	3	15000.00
171	69	2	2	22000.00
172	69	1	4	25000.00
173	69	3	3	8000.00
174	70	1	2	25000.00
175	71	2	2	22000.00
176	71	1	4	25000.00
177	71	1	3	25000.00
178	71	5	3	15000.00
179	72	2	3	22000.00
180	72	1	3	25000.00
181	72	4	3	12000.00
182	73	5	4	15000.00
183	74	1	4	25000.00
184	74	5	3	15000.00
185	74	1	2	25000.00
186	75	2	1	22000.00
187	75	1	3	25000.00
188	75	5	2	15000.00
189	75	4	2	12000.00
190	76	1	2	25000.00
191	76	4	3	12000.00
192	76	2	4	22000.00
193	76	3	3	8000.00
194	77	4	1	12000.00
195	77	2	2	22000.00
196	77	1	1	25000.00
197	78	1	2	25000.00
198	78	2	3	22000.00
199	78	4	3	12000.00
200	79	3	1	8000.00
201	80	5	2	15000.00
202	80	2	2	22000.00
203	80	2	3	22000.00
204	81	2	1	22000.00
205	82	4	3	12000.00
206	82	5	1	15000.00
207	82	1	4	25000.00
208	83	1	3	25000.00
209	83	4	3	12000.00
210	83	1	4	25000.00
211	84	3	1	8000.00
212	84	3	3	8000.00
213	84	3	3	8000.00
214	85	4	3	12000.00
215	85	5	3	15000.00
216	86	1	4	25000.00
217	87	1	2	25000.00
218	87	2	4	22000.00
219	87	5	3	15000.00
220	88	1	2	25000.00
221	88	2	1	22000.00
222	88	2	1	22000.00
223	88	2	3	22000.00
224	89	4	2	12000.00
225	90	4	4	12000.00
226	90	4	2	12000.00
227	90	4	2	12000.00
228	90	1	2	25000.00
229	91	2	1	22000.00
230	91	5	3	15000.00
231	91	5	1	15000.00
232	91	3	3	8000.00
233	92	4	2	12000.00
234	93	4	3	12000.00
235	93	2	2	22000.00
236	93	3	3	8000.00
237	93	5	4	15000.00
238	94	1	3	25000.00
239	94	1	4	25000.00
240	95	3	3	8000.00
241	96	2	1	22000.00
242	97	4	3	12000.00
243	97	4	1	12000.00
244	98	5	4	15000.00
245	98	5	3	15000.00
246	98	3	2	8000.00
247	98	2	1	22000.00
248	99	1	2	25000.00
249	99	4	4	12000.00
250	99	4	3	12000.00
251	99	3	2	8000.00
252	100	3	4	8000.00
253	100	4	2	12000.00
254	101	4	2	12000.00
255	101	1	3	25000.00
256	102	4	3	12000.00
257	102	5	3	15000.00
258	103	3	4	8000.00
259	103	2	1	22000.00
260	104	1	3	25000.00
261	104	1	3	25000.00
262	105	4	4	12000.00
263	105	5	2	15000.00
264	105	1	4	25000.00
265	105	5	2	15000.00
266	106	3	1	8000.00
267	106	2	4	22000.00
268	106	5	1	15000.00
269	107	3	2	8000.00
270	107	5	3	15000.00
271	107	5	4	15000.00
272	108	4	2	12000.00
273	109	4	3	12000.00
274	110	2	3	22000.00
275	110	4	4	12000.00
276	110	1	2	25000.00
277	110	2	3	22000.00
278	111	3	3	8000.00
279	111	3	4	8000.00
280	111	4	2	12000.00
281	112	4	3	12000.00
282	112	5	3	15000.00
283	112	5	3	15000.00
284	113	3	4	8000.00
285	113	3	2	8000.00
286	114	4	3	12000.00
287	114	3	2	8000.00
288	114	5	3	15000.00
289	115	5	1	15000.00
290	116	2	2	22000.00
291	116	4	2	12000.00
292	116	1	2	25000.00
293	116	1	4	25000.00
294	117	2	1	22000.00
295	117	2	3	22000.00
296	117	4	2	12000.00
297	118	1	2	25000.00
298	119	2	1	22000.00
299	119	3	4	8000.00
300	119	1	1	25000.00
301	120	1	3	25000.00
302	120	1	1	25000.00
303	121	1	2	25000.00
304	122	1	3	25000.00
305	122	3	2	8000.00
306	123	2	1	22000.00
307	123	2	1	22000.00
308	124	2	2	22000.00
309	125	2	2	22000.00
310	125	2	2	22000.00
311	125	2	2	22000.00
312	126	3	3	8000.00
313	127	1	1	25000.00
314	127	1	1	25000.00
315	128	4	3	12000.00
316	128	4	2	12000.00
317	128	4	3	12000.00
318	128	3	4	8000.00
319	129	4	4	12000.00
320	129	3	3	8000.00
321	130	5	2	15000.00
322	130	4	4	12000.00
323	131	1	1	25000.00
324	132	1	2	25000.00
325	132	4	3	12000.00
326	133	4	2	12000.00
327	133	5	3	15000.00
328	134	5	2	15000.00
329	134	4	3	12000.00
330	135	3	3	8000.00
331	136	4	1	12000.00
332	136	5	3	15000.00
333	137	2	1	22000.00
334	137	5	3	15000.00
335	137	4	2	12000.00
336	137	2	1	22000.00
337	138	2	3	22000.00
338	138	4	4	12000.00
339	139	4	3	12000.00
340	140	1	1	25000.00
341	140	2	1	22000.00
342	140	4	3	12000.00
343	141	3	2	8000.00
344	141	2	1	22000.00
345	142	2	1	22000.00
346	142	1	1	25000.00
347	142	4	4	12000.00
348	143	1	2	25000.00
349	143	1	1	25000.00
350	144	1	4	25000.00
351	145	4	3	12000.00
352	146	1	2	25000.00
353	147	2	3	22000.00
354	148	5	1	15000.00
355	148	1	1	25000.00
356	148	2	4	22000.00
357	148	1	3	25000.00
358	149	3	3	8000.00
359	149	2	2	22000.00
360	149	2	3	22000.00
361	150	1	3	25000.00
362	150	5	4	15000.00
363	150	3	4	8000.00
364	150	4	2	12000.00
365	151	5	3	15000.00
366	152	2	3	22000.00
367	152	5	2	15000.00
368	153	4	3	12000.00
369	153	3	3	8000.00
370	154	1	4	25000.00
371	154	5	2	15000.00
372	155	5	3	15000.00
373	155	2	2	22000.00
374	155	4	2	12000.00
375	156	1	1	25000.00
376	156	4	2	12000.00
377	156	5	4	15000.00
378	156	1	3	25000.00
379	157	3	3	8000.00
380	158	3	4	8000.00
381	158	1	3	25000.00
382	158	1	3	25000.00
383	159	5	2	15000.00
384	159	1	2	25000.00
385	159	4	2	12000.00
386	159	5	3	15000.00
387	160	3	3	8000.00
388	160	2	3	22000.00
389	161	1	3	25000.00
390	161	5	3	15000.00
391	161	4	2	12000.00
392	162	4	2	12000.00
393	162	1	2	25000.00
394	162	5	2	15000.00
395	162	2	3	22000.00
396	163	3	3	8000.00
397	163	4	2	12000.00
398	164	5	2	15000.00
399	165	2	4	22000.00
400	165	3	4	8000.00
401	165	4	3	12000.00
402	166	5	3	15000.00
403	166	3	1	8000.00
404	166	3	3	8000.00
405	167	2	1	22000.00
406	167	4	2	12000.00
407	168	1	2	25000.00
408	168	5	2	15000.00
409	169	3	1	8000.00
410	169	2	3	22000.00
411	169	3	2	8000.00
412	170	3	2	8000.00
413	170	5	3	15000.00
414	171	2	2	22000.00
415	171	1	2	25000.00
416	171	4	3	12000.00
417	171	2	3	22000.00
418	172	1	3	25000.00
419	172	1	3	25000.00
420	172	2	3	22000.00
421	173	2	2	22000.00
422	173	5	1	15000.00
423	173	1	3	25000.00
424	174	5	1	15000.00
425	174	2	4	22000.00
426	175	2	4	22000.00
427	175	3	3	8000.00
428	175	2	4	22000.00
429	176	4	2	12000.00
430	176	1	2	25000.00
431	176	5	3	15000.00
432	177	3	1	8000.00
433	177	4	4	12000.00
434	178	3	3	8000.00
435	178	4	4	12000.00
436	178	4	1	12000.00
437	179	3	3	8000.00
438	179	5	2	15000.00
439	180	3	4	8000.00
440	180	5	1	15000.00
441	180	2	2	22000.00
442	180	4	2	12000.00
443	181	1	4	25000.00
444	181	5	1	15000.00
445	182	1	4	25000.00
446	182	3	4	8000.00
447	182	5	3	15000.00
448	183	2	3	22000.00
449	183	2	3	22000.00
450	183	5	1	15000.00
451	184	1	2	25000.00
452	184	3	4	8000.00
453	184	2	4	22000.00
454	184	4	4	12000.00
455	185	2	2	22000.00
456	186	2	2	22000.00
457	186	4	4	12000.00
458	186	4	3	12000.00
459	187	1	2	25000.00
460	187	3	4	8000.00
461	187	1	3	25000.00
462	188	4	4	12000.00
463	189	4	2	12000.00
464	189	2	4	22000.00
465	189	2	2	22000.00
466	190	4	1	12000.00
467	190	5	2	15000.00
468	190	1	3	25000.00
469	191	4	2	12000.00
470	191	1	1	25000.00
471	192	4	1	12000.00
472	192	2	2	22000.00
473	192	1	4	25000.00
474	192	1	1	25000.00
475	193	4	4	12000.00
476	194	3	3	8000.00
477	194	3	2	8000.00
478	194	5	1	15000.00
479	195	2	3	22000.00
480	195	1	3	25000.00
481	196	5	1	15000.00
482	196	2	2	22000.00
483	196	4	1	12000.00
484	197	5	2	15000.00
485	197	4	1	12000.00
486	198	4	4	12000.00
487	198	5	2	15000.00
488	199	4	2	12000.00
489	200	4	1	12000.00
490	200	2	2	22000.00
491	201	1	2	25000.00
492	201	1	4	25000.00
493	202	2	3	22000.00
494	202	4	1	12000.00
495	203	2	2	22000.00
496	203	2	3	22000.00
497	204	3	2	8000.00
498	204	2	2	22000.00
499	204	2	3	22000.00
500	205	4	3	12000.00
501	206	2	3	22000.00
502	206	3	1	8000.00
503	207	2	2	22000.00
504	208	2	3	22000.00
505	208	5	3	15000.00
506	209	5	2	15000.00
507	209	3	3	8000.00
508	210	4	3	12000.00
509	210	3	2	8000.00
510	210	2	3	22000.00
511	211	5	4	15000.00
512	211	4	3	12000.00
513	212	3	4	8000.00
514	212	1	1	25000.00
515	212	1	2	25000.00
516	213	4	3	12000.00
517	214	2	4	22000.00
518	214	4	3	12000.00
519	215	1	2	25000.00
520	215	2	1	22000.00
521	216	4	4	12000.00
522	216	2	2	22000.00
523	216	5	4	15000.00
524	217	3	2	8000.00
525	217	5	3	15000.00
526	217	3	3	8000.00
527	217	4	1	12000.00
528	218	1	2	25000.00
529	218	3	2	8000.00
530	219	5	4	15000.00
531	219	2	3	22000.00
532	219	5	3	15000.00
533	220	2	2	22000.00
534	220	5	3	15000.00
535	220	3	2	8000.00
536	221	5	1	15000.00
537	221	2	2	22000.00
538	221	3	1	8000.00
539	221	1	4	25000.00
540	222	2	2	22000.00
541	223	3	3	8000.00
542	223	3	3	8000.00
543	223	1	2	25000.00
544	224	4	4	12000.00
545	224	2	4	22000.00
546	224	2	1	22000.00
547	225	1	3	25000.00
548	226	3	4	8000.00
549	227	4	3	12000.00
550	227	5	4	15000.00
551	228	1	3	25000.00
552	228	1	4	25000.00
553	228	2	1	22000.00
554	229	4	1	12000.00
555	229	3	3	8000.00
556	229	1	3	25000.00
557	230	2	2	22000.00
558	231	5	3	15000.00
559	231	1	3	25000.00
560	232	5	2	15000.00
561	232	2	4	22000.00
562	232	4	3	12000.00
563	233	1	3	25000.00
564	233	1	1	25000.00
565	233	4	3	12000.00
566	234	3	4	8000.00
567	235	1	3	25000.00
568	235	5	1	15000.00
569	235	4	3	12000.00
570	236	4	2	12000.00
571	236	3	4	8000.00
572	236	2	2	22000.00
573	237	3	3	8000.00
574	237	1	1	25000.00
575	238	2	1	22000.00
576	239	1	2	25000.00
577	239	2	3	22000.00
578	239	3	2	8000.00
579	240	3	4	8000.00
580	240	1	2	25000.00
581	240	4	3	12000.00
582	240	1	1	25000.00
583	241	1	4	25000.00
584	241	5	3	15000.00
585	241	4	3	12000.00
586	241	5	4	15000.00
587	242	4	2	12000.00
588	242	3	2	8000.00
589	242	1	3	25000.00
590	243	2	3	22000.00
591	243	2	3	22000.00
592	243	5	3	15000.00
593	244	3	4	8000.00
594	244	5	4	15000.00
595	244	5	3	15000.00
596	244	5	3	15000.00
597	245	1	1	25000.00
598	246	5	3	15000.00
599	247	1	2	25000.00
600	247	1	2	25000.00
601	248	2	1	22000.00
602	249	4	2	12000.00
603	249	1	2	25000.00
604	249	4	1	12000.00
605	250	5	2	15000.00
606	250	3	3	8000.00
607	251	3	2	8000.00
608	251	2	4	22000.00
609	251	2	3	22000.00
610	251	2	3	22000.00
611	252	2	3	22000.00
612	252	1	4	25000.00
613	252	4	2	12000.00
614	252	4	1	12000.00
615	253	1	4	25000.00
616	254	3	2	8000.00
617	254	4	2	12000.00
618	255	5	4	15000.00
619	255	2	2	22000.00
620	255	2	4	22000.00
621	256	5	2	15000.00
622	256	3	1	8000.00
623	256	3	2	8000.00
624	257	2	3	22000.00
625	257	1	3	25000.00
626	258	3	3	8000.00
627	259	1	3	25000.00
628	260	2	1	22000.00
629	260	4	2	12000.00
630	260	2	3	22000.00
631	260	4	3	12000.00
632	261	2	2	22000.00
633	262	2	3	22000.00
634	262	3	3	8000.00
635	262	2	2	22000.00
636	263	3	3	8000.00
637	263	4	4	12000.00
638	263	1	2	25000.00
639	264	2	2	22000.00
640	265	5	4	15000.00
641	265	5	4	15000.00
642	265	4	2	12000.00
643	266	4	4	12000.00
644	266	2	2	22000.00
645	266	4	1	12000.00
646	266	2	2	22000.00
647	267	2	2	22000.00
648	267	3	4	8000.00
649	268	3	3	8000.00
650	268	4	2	12000.00
651	268	1	1	25000.00
652	268	5	2	15000.00
653	269	1	3	25000.00
654	269	3	3	8000.00
655	269	1	4	25000.00
656	270	3	3	8000.00
657	270	3	3	8000.00
658	270	4	1	12000.00
659	271	2	3	22000.00
660	272	3	2	8000.00
661	272	1	2	25000.00
662	273	2	4	22000.00
663	273	3	4	8000.00
664	274	4	2	12000.00
665	274	5	4	15000.00
666	275	4	2	12000.00
667	275	1	3	25000.00
668	276	4	3	12000.00
669	276	3	2	8000.00
670	276	4	2	12000.00
671	277	3	3	8000.00
672	277	5	4	15000.00
673	278	2	2	22000.00
674	278	4	3	12000.00
675	279	2	2	22000.00
676	279	3	2	8000.00
677	280	5	2	15000.00
678	280	4	4	12000.00
679	281	2	4	22000.00
680	281	4	1	12000.00
681	282	5	3	15000.00
682	282	5	1	15000.00
683	282	3	3	8000.00
684	282	2	4	22000.00
685	283	5	3	15000.00
686	283	2	3	22000.00
687	283	5	2	15000.00
688	284	5	3	15000.00
689	284	5	4	15000.00
690	284	1	3	25000.00
691	285	1	2	25000.00
692	286	4	2	12000.00
693	286	3	2	8000.00
694	286	3	3	8000.00
695	287	5	3	15000.00
696	287	5	2	15000.00
697	287	5	2	15000.00
698	288	4	4	12000.00
699	288	5	2	15000.00
700	289	2	2	22000.00
701	289	3	3	8000.00
702	289	2	3	22000.00
703	290	3	2	8000.00
704	290	3	1	8000.00
705	291	2	2	22000.00
706	291	3	2	8000.00
707	291	2	3	22000.00
708	292	4	3	12000.00
709	292	4	3	12000.00
710	293	2	4	22000.00
711	293	4	3	12000.00
712	293	5	1	15000.00
713	293	3	2	8000.00
714	294	3	3	8000.00
715	294	3	2	8000.00
716	294	3	3	8000.00
717	295	3	2	8000.00
718	296	5	1	15000.00
719	296	5	4	15000.00
720	297	5	2	15000.00
721	297	5	2	15000.00
722	298	2	2	22000.00
723	298	1	4	25000.00
724	298	2	4	22000.00
725	298	2	1	22000.00
726	299	4	4	12000.00
727	299	5	4	15000.00
728	299	4	2	12000.00
729	300	5	3	15000.00
730	300	3	2	8000.00
731	301	5	2	15000.00
732	301	2	3	22000.00
733	302	3	2	8000.00
734	302	2	3	22000.00
735	302	4	2	12000.00
736	302	5	2	15000.00
737	303	3	2	8000.00
738	303	5	3	15000.00
739	303	1	1	25000.00
740	304	2	4	22000.00
741	305	3	3	8000.00
742	305	3	3	8000.00
743	306	5	1	15000.00
744	306	5	3	15000.00
745	306	2	2	22000.00
746	307	5	2	15000.00
747	308	3	1	8000.00
748	308	5	3	15000.00
749	308	1	2	25000.00
750	308	5	2	15000.00
751	309	3	2	8000.00
752	309	2	3	22000.00
753	309	2	3	22000.00
754	310	3	3	8000.00
755	310	3	3	8000.00
756	311	3	1	8000.00
757	311	1	4	25000.00
758	311	5	2	15000.00
759	312	1	2	25000.00
760	312	1	2	25000.00
761	312	4	1	12000.00
762	312	1	1	25000.00
763	313	4	3	12000.00
764	313	1	3	25000.00
765	313	2	4	22000.00
766	314	1	1	25000.00
767	314	3	2	8000.00
768	314	1	4	25000.00
\.


--
-- TOC entry 3386 (class 0 OID 50439)
-- Dependencies: 224
-- Data for Name: transaksi; Type: TABLE DATA; Schema: public; Owner: postgres
--

COPY public.transaksi (id_transaksi, id_pesanan, id_member, waktu_transaksi, total_belanja, diskon, pajak, total_akhir, metode_pembayaran, nominal_bayar, kembalian) FROM stdin;
1	1	1	2025-11-27 13:08:53.507983	33000.00	0.00	3000.00	36000.00	Cash	50000.00	14000.00
3	3	\N	2025-11-29 13:09:13.167998	62000.00	0.00	6000.00	68000.00	Cash	70000.00	2000.00
4	4	2	2025-11-28 18:20:27.791462	204000.00	0.00	20400.00	224400.00	Debit	224400.00	0.00
6	6	3	2025-11-28 15:41:22.361082	92000.00	0.00	9200.00	101200.00	E-Wallet	101200.00	0.00
7	7	2	2025-11-28 21:58:32.142025	114000.00	0.00	11400.00	125400.00	E-Wallet	125400.00	0.00
9	9	3	2025-11-27 22:01:25.036341	193000.00	0.00	19300.00	212300.00	E-Wallet	212300.00	0.00
10	10	\N	2025-11-27 18:29:34.31263	193000.00	0.00	19300.00	212300.00	E-Wallet	212300.00	0.00
11	11	3	2025-11-27 21:49:45.296773	69000.00	0.00	6900.00	75900.00	Cash	75900.00	0.00
13	13	3	2025-11-27 17:19:49.23976	184000.00	0.00	18400.00	202400.00	Debit	202400.00	0.00
14	14	1	2025-11-27 18:56:13.554038	146000.00	0.00	14600.00	160600.00	Cash	160600.00	0.00
15	15	\N	2025-11-26 17:50:03.285382	124000.00	0.00	12400.00	136400.00	E-Wallet	136400.00	0.00
16	16	1	2025-11-26 18:21:56.640135	149000.00	0.00	14900.00	163900.00	E-Wallet	163900.00	0.00
17	17	2	2025-11-27 00:50:55.103133	56000.00	0.00	5600.00	61600.00	Debit	61600.00	0.00
18	18	3	2025-11-27 00:46:19.015396	136000.00	0.00	13600.00	149600.00	E-Wallet	149600.00	0.00
20	20	\N	2025-11-25 14:30:40.851596	100000.00	0.00	10000.00	110000.00	Debit	110000.00	0.00
23	23	\N	2025-11-25 16:02:39.498479	24000.00	0.00	2400.00	26400.00	E-Wallet	26400.00	0.00
24	24	2	2025-11-25 13:40:20.349577	107000.00	0.00	10700.00	117700.00	Debit	117700.00	0.00
26	26	2	2025-11-24 21:13:24.72999	44000.00	0.00	4400.00	48400.00	Cash	48400.00	0.00
27	27	\N	2025-11-24 13:32:19.562198	112000.00	0.00	11200.00	123200.00	Debit	123200.00	0.00
28	28	3	2025-11-24 13:53:27.800434	152000.00	0.00	15200.00	167200.00	Debit	167200.00	0.00
31	31	1	2025-11-23 13:46:20.128518	85000.00	0.00	8500.00	93500.00	Debit	93500.00	0.00
32	32	3	2025-11-23 16:02:19.002193	66000.00	0.00	6600.00	72600.00	Cash	72600.00	0.00
36	36	\N	2025-11-22 19:14:38.427375	89000.00	0.00	8900.00	97900.00	Debit	97900.00	0.00
37	37	2	2025-11-23 00:43:58.02896	45000.00	0.00	4500.00	49500.00	E-Wallet	49500.00	0.00
38	38	3	2025-11-22 16:26:22.095014	56000.00	0.00	5600.00	61600.00	E-Wallet	61600.00	0.00
39	39	\N	2025-11-22 17:13:06.237294	60000.00	0.00	6000.00	66000.00	Debit	66000.00	0.00
40	40	1	2025-11-22 20:43:52.253875	207000.00	0.00	20700.00	227700.00	E-Wallet	227700.00	0.00
41	41	2	2025-11-22 20:57:53.133258	34000.00	0.00	3400.00	37400.00	Cash	37400.00	0.00
42	42	\N	2025-11-21 18:51:20.6972	22000.00	0.00	2200.00	24200.00	Cash	24200.00	0.00
43	43	1	2025-11-21 16:35:29.122772	90000.00	0.00	9000.00	99000.00	Debit	99000.00	0.00
47	47	2	2025-11-21 20:46:16.371394	130000.00	0.00	13000.00	143000.00	E-Wallet	143000.00	0.00
48	48	\N	2025-11-20 15:03:22.492769	69000.00	0.00	6900.00	75900.00	E-Wallet	75900.00	0.00
49	49	\N	2025-11-20 21:08:44.487139	161000.00	0.00	16100.00	177100.00	E-Wallet	177100.00	0.00
51	51	2	2025-11-20 22:50:24.529617	166000.00	0.00	16600.00	182600.00	Debit	182600.00	0.00
52	52	3	2025-11-20 22:18:42.596058	76000.00	0.00	7600.00	83600.00	Debit	83600.00	0.00
53	53	3	2025-11-20 18:28:32.060362	105000.00	0.00	10500.00	115500.00	Cash	115500.00	0.00
54	54	1	2025-11-20 16:30:21.15795	212000.00	0.00	21200.00	233200.00	E-Wallet	233200.00	0.00
56	56	\N	2025-11-19 17:12:37.019599	188000.00	0.00	18800.00	206800.00	Cash	206800.00	0.00
57	57	3	2025-11-19 17:29:54.53972	53000.00	0.00	5300.00	58300.00	E-Wallet	58300.00	0.00
59	59	1	2025-11-19 15:13:57.556813	118000.00	0.00	11800.00	129800.00	E-Wallet	129800.00	0.00
60	60	\N	2025-11-20 00:47:38.89663	72000.00	0.00	7200.00	79200.00	E-Wallet	79200.00	0.00
62	62	\N	2025-11-19 00:58:16.714203	142000.00	0.00	14200.00	156200.00	Debit	156200.00	0.00
63	63	2	2025-11-18 15:20:41.759086	80000.00	0.00	8000.00	88000.00	E-Wallet	88000.00	0.00
64	64	2	2025-11-18 19:54:31.953551	140000.00	0.00	14000.00	154000.00	Cash	154000.00	0.00
65	65	\N	2025-11-18 14:15:51.66152	178000.00	0.00	17800.00	195800.00	E-Wallet	195800.00	0.00
66	66	1	2025-11-18 18:13:45.5392	138000.00	0.00	13800.00	151800.00	Debit	151800.00	0.00
67	67	1	2025-11-18 16:42:59.612832	78000.00	0.00	7800.00	85800.00	Debit	85800.00	0.00
68	68	1	2025-11-17 13:28:51.234442	45000.00	0.00	4500.00	49500.00	Debit	49500.00	0.00
70	70	\N	2025-11-17 23:13:42.337261	50000.00	0.00	5000.00	55000.00	Cash	55000.00	0.00
71	71	2	2025-11-17 15:25:48.353015	264000.00	0.00	26400.00	290400.00	E-Wallet	290400.00	0.00
72	72	\N	2025-11-17 00:58:47.99899	177000.00	0.00	17700.00	194700.00	E-Wallet	194700.00	0.00
75	75	3	2025-11-17 00:40:41.417076	151000.00	0.00	15100.00	166100.00	Cash	166100.00	0.00
77	77	1	2025-11-15 21:35:18.875459	81000.00	0.00	8100.00	89100.00	Cash	89100.00	0.00
80	80	3	2025-11-14 20:36:42.732141	140000.00	0.00	14000.00	154000.00	Debit	154000.00	0.00
81	81	\N	2025-11-14 21:59:19.483411	22000.00	0.00	2200.00	24200.00	E-Wallet	24200.00	0.00
82	82	3	2025-11-15 00:53:04.198845	151000.00	0.00	15100.00	166100.00	E-Wallet	166100.00	0.00
84	84	3	2025-11-13 17:18:44.044908	56000.00	0.00	5600.00	61600.00	Debit	61600.00	0.00
85	85	3	2025-11-13 16:03:17.064476	81000.00	0.00	8100.00	89100.00	Debit	89100.00	0.00
86	86	\N	2025-11-13 14:40:07.427105	100000.00	0.00	10000.00	110000.00	Debit	110000.00	0.00
92	92	2	2025-11-11 17:19:35.150043	24000.00	0.00	2400.00	26400.00	E-Wallet	26400.00	0.00
93	93	\N	2025-11-11 21:11:44.631626	164000.00	0.00	16400.00	180400.00	Debit	180400.00	0.00
94	94	3	2025-11-12 00:42:53.230667	175000.00	0.00	17500.00	192500.00	Debit	192500.00	0.00
95	95	1	2025-11-11 18:40:52.643164	24000.00	0.00	2400.00	26400.00	E-Wallet	26400.00	0.00
96	96	1	2025-11-11 15:26:36.457645	22000.00	0.00	2200.00	24200.00	E-Wallet	24200.00	0.00
97	97	1	2025-11-10 18:58:16.472659	48000.00	0.00	4800.00	52800.00	E-Wallet	52800.00	0.00
98	98	\N	2025-11-10 17:01:47.038793	143000.00	0.00	14300.00	157300.00	Cash	157300.00	0.00
99	99	\N	2025-11-10 13:56:30.512973	150000.00	0.00	15000.00	165000.00	E-Wallet	165000.00	0.00
100	100	\N	2025-11-10 15:57:07.260818	56000.00	0.00	5600.00	61600.00	Debit	61600.00	0.00
103	103	1	2025-11-09 22:13:50.052365	54000.00	0.00	5400.00	59400.00	E-Wallet	59400.00	0.00
104	104	1	2025-11-10 00:51:51.433697	150000.00	0.00	15000.00	165000.00	Cash	165000.00	0.00
105	105	\N	2025-11-09 13:47:45.527696	208000.00	0.00	20800.00	228800.00	E-Wallet	228800.00	0.00
106	106	3	2025-11-09 23:25:03.538069	111000.00	0.00	11100.00	122100.00	Cash	122100.00	0.00
107	107	2	2025-11-09 23:30:22.227584	121000.00	0.00	12100.00	133100.00	Cash	133100.00	0.00
108	108	2	2025-11-09 18:37:38.081012	24000.00	0.00	2400.00	26400.00	Cash	26400.00	0.00
112	112	3	2025-11-08 23:18:26.37958	126000.00	0.00	12600.00	138600.00	E-Wallet	138600.00	0.00
113	113	2	2025-11-08 14:30:37.899816	48000.00	0.00	4800.00	52800.00	E-Wallet	52800.00	0.00
114	114	1	2025-11-08 23:19:11.947767	97000.00	0.00	9700.00	106700.00	E-Wallet	106700.00	0.00
116	116	1	2025-11-07 20:12:23.450918	218000.00	0.00	21800.00	239800.00	Debit	239800.00	0.00
118	118	3	2025-11-07 18:48:38.794429	50000.00	0.00	5000.00	55000.00	Cash	55000.00	0.00
119	119	3	2025-11-07 14:23:53.213751	79000.00	0.00	7900.00	86900.00	E-Wallet	86900.00	0.00
121	121	3	2025-11-06 15:55:12.516745	50000.00	0.00	5000.00	55000.00	E-Wallet	55000.00	0.00
122	122	2	2025-11-06 16:04:00.44213	91000.00	0.00	9100.00	100100.00	Debit	100100.00	0.00
123	123	3	2025-11-06 13:47:31.930128	44000.00	0.00	4400.00	48400.00	E-Wallet	48400.00	0.00
124	124	2	2025-11-06 19:37:30.323977	44000.00	0.00	4400.00	48400.00	Debit	48400.00	0.00
125	125	3	2025-11-06 18:16:00.67819	132000.00	0.00	13200.00	145200.00	Cash	145200.00	0.00
127	127	2	2025-11-05 23:47:26.612616	50000.00	0.00	5000.00	55000.00	Cash	55000.00	0.00
128	128	3	2025-11-06 00:46:23.576527	128000.00	0.00	12800.00	140800.00	E-Wallet	140800.00	0.00
129	129	1	2025-11-05 17:19:08.261377	72000.00	0.00	7200.00	79200.00	Debit	79200.00	0.00
130	130	2	2025-11-04 23:11:38.86261	78000.00	0.00	7800.00	85800.00	E-Wallet	85800.00	0.00
132	132	1	2025-11-04 16:06:22.399069	86000.00	0.00	8600.00	94600.00	Cash	94600.00	0.00
133	133	\N	2025-11-04 16:29:39.995381	69000.00	0.00	6900.00	75900.00	Cash	75900.00	0.00
134	134	3	2025-11-04 15:16:00.269417	66000.00	0.00	6600.00	72600.00	Cash	72600.00	0.00
135	135	1	2025-11-04 16:08:07.555238	24000.00	0.00	2400.00	26400.00	E-Wallet	26400.00	0.00
136	136	2	2025-11-04 16:28:34.97706	57000.00	0.00	5700.00	62700.00	Cash	62700.00	0.00
137	137	3	2025-11-03 19:53:49.148708	113000.00	0.00	11300.00	124300.00	Cash	124300.00	0.00
138	138	1	2025-11-03 18:21:18.577131	114000.00	0.00	11400.00	125400.00	Cash	125400.00	0.00
139	139	3	2025-11-04 00:03:04.518852	36000.00	0.00	3600.00	39600.00	E-Wallet	39600.00	0.00
142	142	2	2025-11-02 20:27:56.760666	95000.00	0.00	9500.00	104500.00	E-Wallet	104500.00	0.00
145	145	3	2025-11-03 00:26:03.801604	36000.00	0.00	3600.00	39600.00	E-Wallet	39600.00	0.00
146	146	3	2025-11-02 18:43:16.582404	50000.00	0.00	5000.00	55000.00	Debit	55000.00	0.00
147	147	2	2025-11-01 21:40:35.08137	66000.00	0.00	6600.00	72600.00	Debit	72600.00	0.00
148	148	3	2025-11-01 16:11:50.897221	203000.00	0.00	20300.00	223300.00	Debit	223300.00	0.00
149	149	1	2025-11-01 18:28:36.970853	134000.00	0.00	13400.00	147400.00	Cash	147400.00	0.00
152	152	2	2025-10-31 14:50:43.970609	96000.00	0.00	9600.00	105600.00	E-Wallet	105600.00	0.00
155	155	2	2025-10-31 20:22:12.802329	113000.00	0.00	11300.00	124300.00	E-Wallet	124300.00	0.00
157	157	3	2025-10-31 16:56:49.210519	24000.00	0.00	2400.00	26400.00	Cash	26400.00	0.00
159	159	3	2025-10-30 13:46:31.460947	149000.00	0.00	14900.00	163900.00	Cash	163900.00	0.00
162	162	\N	2025-11-28 19:20:57.309356	170000.00	0.00	17000.00	187000.00	Debit	187000.00	0.00
163	163	\N	2025-11-28 21:57:39.492863	48000.00	0.00	4800.00	52800.00	Debit	52800.00	0.00
164	164	\N	2025-11-28 18:14:54.740337	30000.00	0.00	3000.00	33000.00	Debit	33000.00	0.00
165	165	2	2025-11-28 13:41:01.358639	156000.00	0.00	15600.00	171600.00	Debit	171600.00	0.00
166	166	2	2025-11-28 20:16:47.779959	77000.00	0.00	7700.00	84700.00	E-Wallet	84700.00	0.00
167	167	2	2025-11-28 14:10:28.476762	46000.00	0.00	4600.00	50600.00	E-Wallet	50600.00	0.00
168	168	3	2025-11-27 17:50:43.298932	80000.00	0.00	8000.00	88000.00	E-Wallet	88000.00	0.00
169	169	1	2025-11-28 00:41:39.542484	90000.00	0.00	9000.00	99000.00	Debit	99000.00	0.00
170	170	1	2025-11-27 23:05:00.541601	61000.00	0.00	6100.00	67100.00	E-Wallet	67100.00	0.00
171	171	2	2025-11-27 21:16:26.748183	196000.00	0.00	19600.00	215600.00	Cash	215600.00	0.00
172	172	1	2025-11-26 17:16:42.093898	216000.00	0.00	21600.00	237600.00	Debit	237600.00	0.00
173	173	2	2025-11-27 00:29:01.620355	134000.00	0.00	13400.00	147400.00	E-Wallet	147400.00	0.00
176	176	3	2025-11-26 16:45:32.285309	119000.00	0.00	11900.00	130900.00	Cash	130900.00	0.00
178	178	\N	2025-11-25 14:57:38.521928	84000.00	0.00	8400.00	92400.00	Debit	92400.00	0.00
180	180	3	2025-11-25 17:54:20.806584	115000.00	0.00	11500.00	126500.00	E-Wallet	126500.00	0.00
184	184	2	2025-11-24 23:48:07.23346	218000.00	0.00	21800.00	239800.00	Debit	239800.00	0.00
185	185	\N	2025-11-24 22:15:54.471239	44000.00	0.00	4400.00	48400.00	E-Wallet	48400.00	0.00
186	186	\N	2025-11-25 00:21:21.384623	128000.00	0.00	12800.00	140800.00	E-Wallet	140800.00	0.00
188	188	1	2025-11-24 18:40:42.922363	48000.00	0.00	4800.00	52800.00	E-Wallet	52800.00	0.00
189	189	2	2025-11-23 13:19:48.582703	156000.00	0.00	15600.00	171600.00	E-Wallet	171600.00	0.00
190	190	2	2025-11-23 22:13:50.605668	117000.00	0.00	11700.00	128700.00	E-Wallet	128700.00	0.00
191	191	2	2025-11-23 22:32:01.641304	49000.00	0.00	4900.00	53900.00	E-Wallet	53900.00	0.00
192	192	3	2025-11-23 23:44:55.574962	181000.00	0.00	18100.00	199100.00	E-Wallet	199100.00	0.00
193	193	1	2025-11-22 13:22:17.038176	48000.00	0.00	4800.00	52800.00	Cash	52800.00	0.00
194	194	3	2025-11-22 22:23:40.129572	55000.00	0.00	5500.00	60500.00	Debit	60500.00	0.00
195	195	\N	2025-11-22 22:10:31.92307	141000.00	0.00	14100.00	155100.00	E-Wallet	155100.00	0.00
196	196	3	2025-11-22 23:31:24.024164	71000.00	0.00	7100.00	78100.00	E-Wallet	78100.00	0.00
197	197	2	2025-11-22 15:15:35.050979	42000.00	0.00	4200.00	46200.00	E-Wallet	46200.00	0.00
198	198	\N	2025-11-22 19:48:27.643761	78000.00	0.00	7800.00	85800.00	Debit	85800.00	0.00
201	201	2	2025-11-21 23:18:45.250829	150000.00	0.00	15000.00	165000.00	Debit	165000.00	0.00
207	207	2	2025-11-20 13:46:56.410788	44000.00	0.00	4400.00	48400.00	Cash	48400.00	0.00
208	208	3	2025-11-20 14:17:53.21117	111000.00	0.00	11100.00	122100.00	Debit	122100.00	0.00
209	209	\N	2025-11-19 18:17:44.659877	54000.00	0.00	5400.00	59400.00	Debit	59400.00	0.00
210	210	\N	2025-11-20 01:03:40.142596	118000.00	0.00	11800.00	129800.00	Debit	129800.00	0.00
211	211	3	2025-11-19 18:14:10.014475	96000.00	0.00	9600.00	105600.00	E-Wallet	105600.00	0.00
212	212	1	2025-11-18 15:21:34.18211	107000.00	0.00	10700.00	117700.00	Cash	117700.00	0.00
213	213	1	2025-11-18 23:33:19.874752	36000.00	0.00	3600.00	39600.00	E-Wallet	39600.00	0.00
214	214	1	2025-11-18 18:06:36.64794	124000.00	0.00	12400.00	136400.00	E-Wallet	136400.00	0.00
216	216	\N	2025-11-17 23:31:06.489903	152000.00	0.00	15200.00	167200.00	E-Wallet	167200.00	0.00
217	217	2	2025-11-17 15:18:58.003196	97000.00	0.00	9700.00	106700.00	Cash	106700.00	0.00
218	218	1	2025-11-17 18:10:22.451413	66000.00	0.00	6600.00	72600.00	Debit	72600.00	0.00
219	219	\N	2025-11-18 01:16:57.352991	171000.00	0.00	17100.00	188100.00	Cash	188100.00	0.00
220	220	3	2025-11-17 00:19:27.771896	105000.00	0.00	10500.00	115500.00	E-Wallet	115500.00	0.00
222	222	3	2025-11-16 21:56:31.223685	44000.00	0.00	4400.00	48400.00	E-Wallet	48400.00	0.00
223	223	3	2025-11-16 20:08:11.016591	98000.00	0.00	9800.00	107800.00	E-Wallet	107800.00	0.00
224	224	2	2025-11-16 16:42:36.368977	158000.00	0.00	15800.00	173800.00	E-Wallet	173800.00	0.00
225	225	3	2025-11-15 14:28:19.673047	75000.00	0.00	7500.00	82500.00	Cash	82500.00	0.00
226	226	1	2025-11-15 16:49:53.632491	32000.00	0.00	3200.00	35200.00	Cash	35200.00	0.00
229	229	2	2025-11-15 20:16:41.518383	111000.00	0.00	11100.00	122100.00	Debit	122100.00	0.00
230	230	3	2025-11-15 17:01:09.675828	44000.00	0.00	4400.00	48400.00	E-Wallet	48400.00	0.00
234	234	1	2025-11-15 00:00:31.359854	32000.00	0.00	3200.00	35200.00	Debit	35200.00	0.00
236	236	2	2025-11-13 14:26:57.604079	100000.00	0.00	10000.00	110000.00	E-Wallet	110000.00	0.00
238	238	2	2025-11-13 20:57:35.667154	22000.00	0.00	2200.00	24200.00	Cash	24200.00	0.00
239	239	1	2025-11-13 17:13:09.003304	132000.00	0.00	13200.00	145200.00	E-Wallet	145200.00	0.00
246	246	2	2025-11-12 20:51:39.261423	45000.00	0.00	4500.00	49500.00	Debit	49500.00	0.00
248	248	3	2025-11-11 17:12:01.864014	22000.00	0.00	2200.00	24200.00	Debit	24200.00	0.00
249	249	1	2025-11-11 16:03:52.944138	86000.00	0.00	8600.00	94600.00	Cash	94600.00	0.00
251	251	2	2025-11-10 19:19:54.841147	236000.00	0.00	23600.00	259600.00	Cash	259600.00	0.00
253	253	2	2025-11-10 19:39:34.520111	100000.00	0.00	10000.00	110000.00	E-Wallet	110000.00	0.00
254	254	3	2025-11-09 14:52:51.860299	40000.00	0.00	4000.00	44000.00	E-Wallet	44000.00	0.00
255	255	1	2025-11-09 14:01:53.223712	192000.00	0.00	19200.00	211200.00	E-Wallet	211200.00	0.00
257	257	2	2025-11-09 19:46:10.042106	141000.00	0.00	14100.00	155100.00	E-Wallet	155100.00	0.00
259	259	3	2025-11-09 16:45:49.811783	75000.00	0.00	7500.00	82500.00	E-Wallet	82500.00	0.00
262	262	2	2025-11-08 23:01:03.454822	134000.00	0.00	13400.00	147400.00	Cash	147400.00	0.00
263	263	3	2025-11-08 16:19:48.479669	122000.00	0.00	12200.00	134200.00	E-Wallet	134200.00	0.00
265	265	2	2025-11-09 00:54:01.688893	144000.00	0.00	14400.00	158400.00	E-Wallet	158400.00	0.00
266	266	2	2025-11-08 16:44:18.446692	148000.00	0.00	14800.00	162800.00	E-Wallet	162800.00	0.00
269	269	2	2025-11-07 13:38:24.438642	199000.00	0.00	19900.00	218900.00	Debit	218900.00	0.00
270	270	\N	2025-11-07 23:34:24.245677	60000.00	0.00	6000.00	66000.00	Debit	66000.00	0.00
271	271	1	2025-11-07 16:50:28.664881	66000.00	0.00	6600.00	72600.00	Cash	72600.00	0.00
272	272	1	2025-11-07 19:02:50.428775	66000.00	0.00	6600.00	72600.00	Debit	72600.00	0.00
273	273	3	2025-11-06 21:04:01.799039	120000.00	0.00	12000.00	132000.00	Debit	132000.00	0.00
274	274	1	2025-11-06 16:11:06.136431	84000.00	0.00	8400.00	92400.00	Debit	92400.00	0.00
275	275	\N	2025-11-06 22:51:26.267316	99000.00	0.00	9900.00	108900.00	Cash	108900.00	0.00
277	277	\N	2025-11-06 16:35:03.046653	84000.00	0.00	8400.00	92400.00	E-Wallet	92400.00	0.00
278	278	2	2025-11-06 17:56:32.876793	80000.00	0.00	8000.00	88000.00	Debit	88000.00	0.00
282	282	2	2025-11-05 13:50:23.171463	172000.00	0.00	17200.00	189200.00	Debit	189200.00	0.00
284	284	3	2025-11-05 15:52:06.959748	180000.00	0.00	18000.00	198000.00	E-Wallet	198000.00	0.00
285	285	1	2025-11-05 13:34:15.586449	50000.00	0.00	5000.00	55000.00	E-Wallet	55000.00	0.00
286	286	1	2025-11-04 17:28:30.974174	64000.00	0.00	6400.00	70400.00	E-Wallet	70400.00	0.00
287	287	1	2025-11-04 18:20:17.971464	105000.00	0.00	10500.00	115500.00	E-Wallet	115500.00	0.00
288	288	\N	2025-11-05 00:57:19.243468	78000.00	0.00	7800.00	85800.00	E-Wallet	85800.00	0.00
291	291	\N	2025-11-04 17:57:10.904956	126000.00	0.00	12600.00	138600.00	E-Wallet	138600.00	0.00
292	292	\N	2025-11-04 15:42:36.074157	72000.00	0.00	7200.00	79200.00	Debit	79200.00	0.00
293	293	3	2025-11-03 18:47:14.891524	155000.00	0.00	15500.00	170500.00	E-Wallet	170500.00	0.00
294	294	1	2025-11-03 20:54:14.155327	64000.00	0.00	6400.00	70400.00	Cash	70400.00	0.00
295	295	1	2025-11-03 18:47:12.74687	16000.00	0.00	1600.00	17600.00	E-Wallet	17600.00	0.00
296	296	3	2025-11-03 19:12:02.304951	75000.00	0.00	7500.00	82500.00	E-Wallet	82500.00	0.00
297	297	\N	2025-11-03 17:12:35.385062	60000.00	0.00	6000.00	66000.00	E-Wallet	66000.00	0.00
298	298	2	2025-11-02 22:01:00.504458	254000.00	0.00	25400.00	279400.00	E-Wallet	279400.00	0.00
299	299	2	2025-11-02 23:26:37.477325	132000.00	0.00	13200.00	145200.00	E-Wallet	145200.00	0.00
300	300	3	2025-11-02 19:52:35.428552	61000.00	0.00	6100.00	67100.00	E-Wallet	67100.00	0.00
302	302	2	2025-11-01 13:24:10.53947	136000.00	0.00	13600.00	149600.00	Debit	149600.00	0.00
303	303	2	2025-11-01 15:32:26.023407	86000.00	0.00	8600.00	94600.00	Cash	94600.00	0.00
305	305	2	2025-11-01 18:42:33.622957	48000.00	0.00	4800.00	52800.00	E-Wallet	52800.00	0.00
307	307	3	2025-10-31 22:39:23.962399	30000.00	0.00	3000.00	33000.00	Debit	33000.00	0.00
308	308	\N	2025-10-31 13:26:44.81779	133000.00	0.00	13300.00	146300.00	Cash	146300.00	0.00
309	309	1	2025-11-01 01:01:55.814154	148000.00	0.00	14800.00	162800.00	E-Wallet	162800.00	0.00
311	311	3	2025-10-30 17:36:56.81401	138000.00	0.00	13800.00	151800.00	E-Wallet	151800.00	0.00
312	312	\N	2025-10-30 19:44:02.743262	137000.00	0.00	13700.00	150700.00	E-Wallet	150700.00	0.00
313	313	1	2025-10-31 01:06:35.201006	199000.00	0.00	19900.00	218900.00	Debit	218900.00	0.00
\.


--
-- TOC entry 3399 (class 0 OID 0)
-- Dependencies: 215
-- Name: kategori_menu_id_kategori_seq; Type: SEQUENCE SET; Schema: public; Owner: postgres
--

SELECT pg_catalog.setval('public.kategori_menu_id_kategori_seq', 3, true);


--
-- TOC entry 3400 (class 0 OID 0)
-- Dependencies: 217
-- Name: member_id_member_seq; Type: SEQUENCE SET; Schema: public; Owner: postgres
--

SELECT pg_catalog.setval('public.member_id_member_seq', 3, true);


--
-- TOC entry 3401 (class 0 OID 0)
-- Dependencies: 219
-- Name: menu_id_menu_seq; Type: SEQUENCE SET; Schema: public; Owner: postgres
--

SELECT pg_catalog.setval('public.menu_id_menu_seq', 5, true);


--
-- TOC entry 3402 (class 0 OID 0)
-- Dependencies: 222
-- Name: pesanan_detail_id_detail_seq; Type: SEQUENCE SET; Schema: public; Owner: postgres
--

SELECT pg_catalog.setval('public.pesanan_detail_id_detail_seq', 768, true);


--
-- TOC entry 3403 (class 0 OID 0)
-- Dependencies: 223
-- Name: pesanan_id_pesanan_seq; Type: SEQUENCE SET; Schema: public; Owner: postgres
--

SELECT pg_catalog.setval('public.pesanan_id_pesanan_seq', 314, true);


--
-- TOC entry 3404 (class 0 OID 0)
-- Dependencies: 225
-- Name: transaksi_id_transaksi_seq; Type: SEQUENCE SET; Schema: public; Owner: postgres
--

SELECT pg_catalog.setval('public.transaksi_id_transaksi_seq', 314, true);


--
-- TOC entry 3217 (class 2606 OID 50458)
-- Name: kategori_menu kategori_menu_pkey; Type: CONSTRAINT; Schema: public; Owner: postgres
--

ALTER TABLE ONLY public.kategori_menu
    ADD CONSTRAINT kategori_menu_pkey PRIMARY KEY (id_kategori);


--
-- TOC entry 3219 (class 2606 OID 50460)
-- Name: member member_pkey; Type: CONSTRAINT; Schema: public; Owner: postgres
--

ALTER TABLE ONLY public.member
    ADD CONSTRAINT member_pkey PRIMARY KEY (id_member);


--
-- TOC entry 3221 (class 2606 OID 50462)
-- Name: menu menu_pkey; Type: CONSTRAINT; Schema: public; Owner: postgres
--

ALTER TABLE ONLY public.menu
    ADD CONSTRAINT menu_pkey PRIMARY KEY (id_menu);


--
-- TOC entry 3225 (class 2606 OID 50464)
-- Name: pesanan_detail pesanan_detail_pkey; Type: CONSTRAINT; Schema: public; Owner: postgres
--

ALTER TABLE ONLY public.pesanan_detail
    ADD CONSTRAINT pesanan_detail_pkey PRIMARY KEY (id_detail);


--
-- TOC entry 3223 (class 2606 OID 50466)
-- Name: pesanan pesanan_pkey; Type: CONSTRAINT; Schema: public; Owner: postgres
--

ALTER TABLE ONLY public.pesanan
    ADD CONSTRAINT pesanan_pkey PRIMARY KEY (id_pesanan);


--
-- TOC entry 3227 (class 2606 OID 50468)
-- Name: transaksi transaksi_pkey; Type: CONSTRAINT; Schema: public; Owner: postgres
--

ALTER TABLE ONLY public.transaksi
    ADD CONSTRAINT transaksi_pkey PRIMARY KEY (id_transaksi);


--
-- TOC entry 3228 (class 2606 OID 50469)
-- Name: menu menu_id_kategori_fkey; Type: FK CONSTRAINT; Schema: public; Owner: postgres
--

ALTER TABLE ONLY public.menu
    ADD CONSTRAINT menu_id_kategori_fkey FOREIGN KEY (id_kategori) REFERENCES public.kategori_menu(id_kategori) ON UPDATE CASCADE ON DELETE SET NULL;


--
-- TOC entry 3229 (class 2606 OID 50474)
-- Name: pesanan_detail pesanan_detail_id_menu_fkey; Type: FK CONSTRAINT; Schema: public; Owner: postgres
--

ALTER TABLE ONLY public.pesanan_detail
    ADD CONSTRAINT pesanan_detail_id_menu_fkey FOREIGN KEY (id_menu) REFERENCES public.menu(id_menu) ON DELETE RESTRICT;


--
-- TOC entry 3230 (class 2606 OID 50479)
-- Name: pesanan_detail pesanan_detail_id_pesanan_fkey; Type: FK CONSTRAINT; Schema: public; Owner: postgres
--

ALTER TABLE ONLY public.pesanan_detail
    ADD CONSTRAINT pesanan_detail_id_pesanan_fkey FOREIGN KEY (id_pesanan) REFERENCES public.pesanan(id_pesanan) ON DELETE CASCADE;


--
-- TOC entry 3231 (class 2606 OID 50484)
-- Name: transaksi transaksi_id_member_fkey; Type: FK CONSTRAINT; Schema: public; Owner: postgres
--

ALTER TABLE ONLY public.transaksi
    ADD CONSTRAINT transaksi_id_member_fkey FOREIGN KEY (id_member) REFERENCES public.member(id_member) ON UPDATE CASCADE ON DELETE SET NULL;


--
-- TOC entry 3232 (class 2606 OID 50489)
-- Name: transaksi transaksi_id_pesanan_fkey; Type: FK CONSTRAINT; Schema: public; Owner: postgres
--

ALTER TABLE ONLY public.transaksi
    ADD CONSTRAINT transaksi_id_pesanan_fkey FOREIGN KEY (id_pesanan) REFERENCES public.pesanan(id_pesanan) ON UPDATE CASCADE ON DELETE RESTRICT;


-- Completed on 2025-11-29 14:14:43

--
-- PostgreSQL database dump complete
--

\unrestrict gzCiTcW1bWiSfjhluZh13Qz9UtwfYDqRjQgLbCDm2hbSEJZIOxHhhSe5u0BlXSu

